{"cameraMode":{"drawMode":0,"name":"Shaded","section":"Shading Mode"},"sceneLighting":false,"audioPlay":false,"sceneViewState":{"showFog":true,"showMaterialUpdate":true,"showSkybox":false,"showFlares":true,"showImageEffects":true,"showParticleSystems":true},"in2DMode":false,"pivot":{"x":0.0,"y":0.3079261779785156,"z":32.099998474121097},"rotation":{"x":0.03179384768009186,"y":-0.007499822415411472,"z":-0.00023865303955972195,"w":-0.9994705319404602},"size":13.640868186950684,"orthographic":false}