{"cameraMode":{"drawMode":0,"name":"Shaded","section":"Shading Mode"},"sceneLighting":true,"audioPlay":false,"sceneViewState":{"showFog":true,"showMaterialUpdate":true,"showSkybox":false,"showFlares":true,"showImageEffects":true,"showParticleSystems":true},"in2DMode":false,"pivot":{"x":128.20188903808595,"y":478.28485107421877,"z":1131.79248046875},"rotation":{"x":0.03179384768009186,"y":-0.007499822415411472,"z":-0.00023865303955972195,"w":-0.9994705319404602},"size":1901.1512451171875,"orthographic":false}